FirstName,LastName,StreetName,Town,Postcode,Country,DeliveryDate
John,Smith,221B Baker Street,London,W1A 1AA,GB,03/04/2023 15:30
Jane,Doe,12 High Street,Manchester,M1 2AB,GB,04/05/2023 12:00
David,Johnson,34 Church Road,Birmingham,B1 3CD,GB,05/06/2023 09:45
Emily,Williams,56 Station Road,Bristol,BS1 4EF,GB,06/07/2023 17:00
Michael,Brown,78 Victoria Avenue,Glasgow,G1 5GH,GB,07/08/2023 11:15
Sarah,Davis,90 Kingsway,Edinburgh,EH1 6IJ,GB,08/09/2023 14:30
Robert,Jones,10 Oak Street,Liverpool,L1 7KL,GB,09/10/2023 16:45
Jessica,Miller,22 Elm Street,Cardiff,CF1 8MN,GB,10/11/2023 08:00
Thomas,Rodriguez,14 Market Square,Leeds,LS1 9OP,GB,11/12/2023 19:00
Laura,Martinez,36 Bridge Street,Sheffield,S1 0QR,GB,12/01/2024 10:15
James,Wilson,58 Park Lane,Leicester,LE1 1ST,GB,13/02/2024 13:30
Olivia,Taylor,70 Queen Street,Coventry,CV1 2UV,GB,14/03/2024 18:45
Henry,Moore,82 Duke Street,Southampton,SO1 3WX,GB,15/04/2024 07:00
Sophie,Clark,94 Princess Avenue,Newcastle,NE1 4YZ,GB,16/05/2024 20:15
Oliver,Evans,106 Castle Road,Nottingham,NG1 5AB,GB,17/06/2024 21:30
Chloe,Lewis,118 River Street,Cambridge,CB1 6CD,GB,18/07/2024 22:45
Ethan,Hall,130 The Crescent,Oxford,OX1 7EF,GB,19/08/2024 23:59
Isabella,Allen,142 West Street,Reading,RG1 8GH,GB,20/09/2024 06:15
Alexander,Wright,154 East Road,Plymouth,PL1 9IJ,GB,21/10/2024 12:30
Mia,Scott,166 South Lane,Brighton,BN1 0KL,GB,22/11/2024 14:00
Benjamin,Adams,178 Mill Road,York,YO1 1MN,GB,23/12/2024 09:30
Amelia,Green,190 North Street,Exeter,EX1 2OP,GB,24/01/2025 16:00
Samuel,King,202 Hillview Road,Aberdeen,AB1 3QR,GB,25/02/2025 13:00
Ella,Mitchell,214 Valley Road,Dundee,DD1 4ST,GB,26/03/2025 10:45
Jack,Perez,226 Meadow Lane,Inverness,IV1 5UV,GB,27/04/2025 17:30
Grace,Collins,238 Spring Road,Stirling,FK1 6WX,GB,28/05/2025 08:30
Jacob,Richardson,250 Summer Avenue,Swansea,SA1 7YZ,GB,29/06/2025 11:45
Ava,Bell,262 Autumn Street,Bath,BA1 8AB,GB,30/07/2025 19:15
Daniel,Turner,274 Winter Road,Durham,DH1 9CD,GB,31/08/2025 20:45
Sophia,Morris,286 Forest Lane,Gloucester,GL1 0EF,GB,01/09/2025 09:00
Lucas,Stewart,298 Grove Street,Luton,LU1 1GH,GB,02/10/2025 13:45
Harper,Hughes,310 Orchard Road,Milton Keynes,MK1 2IJ,GB,03/11/2025 07:30
Mason,Foster,322 Lake View,Newport,NP1 3KL,GB,04/12/2025 18:00
Lily,Bailey,334 Seaview Road,Portsmouth,PO1 4MN,GB,05/01/2026 16:15
Logan,Jenkins,346 Greenfield Lane,Derby,DE1 5OP,GB,06/02/2026 12:00
Zoe,Ward,358 Valley View,Ipswich,IP1 6QR,GB,07/03/2026 14:45
Ryan,Watson,370 Riverbank Road,Oxford,OX1 7ST,GB,08/04/2026 09:15
Ella,Morgan,382 Cliffside Drive,Belfast,BT1 8UV,GB,09/05/2026 20:30
Dylan,Carter,394 Ridgeway,Norwich,NR1 9WX,GB,10/06/2026 11:00
Ruby,Cooper,406 Horizon Lane,Hull,HU1 0YZ,GB,11/07/2026 23:00
Oscar,Rivera,418 Highland Road,Wolverhampton,WV1 1AB,GB,12/08/2026 08:45
Hannah,Edwards,430 Meadow View,Preston,PR1 2CD,GB,13/09/2026 15:30
Leo,Cook,442 Brook Street,St Albans,AL1 3EF,GB,14/10/2026 06:45
Sophie,Howard,454 Orchard Close,Canterbury,CT1 4GH,GB,15/11/2026 19:00
Jacob,Long,466 River Street,Chester,CH1 5IJ,GB,16/12/2026 13:30
Lily,Evans,478 Hill Road,Sunderland,SR1 6KL,GB,17/01/2027 18:30
Joshua,Murphy,490 Crescent Drive,Durham,DH1 7MN,GB,18/02/2027 10:15
Ella,Thompson,502 Woodland Road,Lancaster,LA1 8OP,GB,19/03/2027 21:45
William,White,514 Garden Street,Peterborough,PE1 9QR,GB,20/04/2027 22:00
Isabella,Walker,526 Riverbank,Lincoln,LN1 0ST,GB,21/05/2027 09:30