FirstName	LastName	StreetName	Town	Postcode	Country	JobTitle	Department	Manager	HireDate
John	Smith	221B Baker Street	London	W1A 1AA	GB	Engineer	IT	Jane Doe	01/01/2020
Jane	Doe	12 High Street	Manchester	M1 2AB	GB	HR Manager	HR	David Johnson	05/03/2018
David	Johnson	34 Church Road	Birmingham	B1 3CD	GB	Sales Executive	Sales	Emily Williams	11/07/2019
Emily	Williams	56 Station Road	Bristol	BS1 4EF	GB	Marketing Director	Marketing	Michael Brown	22/09/2017
Michael	Brown	78 Victoria Avenue	Glasgow	G1 5GH	GB	Software Developer	IT	Sarah Davis	15/06/2021
Sarah	Davis	90 Kingsway	Edinburgh	EH1 6IJ	GB	Project Manager	Operations	Robert Jones	04/05/2016
Robert	Jones	10 Oak Street	Liverpool	L1 7KL	GB	Finance Analyst	Finance	Jessica Miller	13/10/2020
Jessica	Miller	22 Elm Street	Cardiff	CF1 8MN	GB	HR Assistant	HR	Thomas Rodriguez	01/02/2019
Thomas	Rodriguez	14 Market Square	Leeds	LS1 9OP	GB	Legal Counsel	Legal	Laura Martinez	21/08/2020
Laura	Martinez	36 Bridge Street	Sheffield	S1 0QR	GB	Operations Manager	Operations	James Wilson	29/11/2018
James	Wilson	58 Park Lane	Leicester	LE1 1ST	GB	Customer Support Lead	Support	Olivia Taylor	18/04/2017
Olivia	Taylor	70 Queen Street	Coventry	CV1 2UV	GB	IT Administrator	IT	Henry Moore	12/06/2019
Henry	Moore	82 Duke Street	Southampton	SO1 3WX	GB	Finance Manager	Finance	Sophie Clark	07/03/2020
Sophie	Clark	94 Princess Avenue	Newcastle	NE1 4YZ	GB	Creative Director	Marketing	Oliver Evans	22/01/2018
Oliver	Evans	106 Castle Road	Nottingham	NG1 5AB	GB	Product Manager	Product	Chloe Lewis	25/08/2021
Chloe	Lewis	118 River Street	Cambridge	CB1 6CD	GB	Content Specialist	Marketing	Ethan Hall	14/05/2020
Ethan	Hall	130 The Crescent	Oxford	OX1 7EF	GB	DevOps Engineer	IT	Isabella Allen	03/09/2016
Isabella	Allen	142 West Street	Reading	RG1 8GH	GB	Data Scientist	Data	Alexander Wright	16/11/2019
Alexander	Wright	154 East Road	Plymouth	PL1 9IJ	GB	Business Analyst	Finance	Mia Scott	08/10/2020
Mia	Scott	166 South Lane	Brighton	BN1 0KL	GB	Operations Coordinator	Operations	Benjamin Adams	02/02/2018
Benjamin	Adams	178 Mill Road	York	YO1 1MN	GB	Accountant	Finance	Amelia Green	13/12/2017
Amelia	Green	190 North Street	Exeter	EX1 2OP	GB	Customer Support Rep	Support	Samuel King	01/07/2019
Samuel	King	202 Hillview Road	Aberdeen	AB1 3QR	GB	HR Generalist	HR	Ella Mitchell	19/04/2016
Ella	Mitchell	214 Valley Road	Dundee	DD1 4ST	GB	Procurement Specialist	Operations	Jack Perez	11/01/2021
Jack	Perez	226 Meadow Lane	Inverness	IV1 5UV	GB	Sales Consultant	Sales	Grace Collins	07/06/2020
Grace	Collins	238 Spring Road	Stirling	FK1 6WX	GB	Operations Lead	Operations	Jacob Richardson	22/09/2017
Jacob	Richardson	250 Summer Avenue	Swansea	SA1 7YZ	GB	UX Designer	Design	Ava Bell	10/05/2019
Ava	Bell	262 Autumn Street	Bath	BA1 8AB	GB	UI Designer	Design	Daniel Turner	17/11/2020
Daniel	Turner	274 Winter Road	Durham	DH1 9CD	GB	Finance Analyst	Finance	Sophia Morris	13/08/2019
Sophia	Morris	286 Forest Lane	Gloucester	GL1 0EF	GB	Marketing Specialist	Marketing	Lucas Stewart	19/03/2018
Lucas	Stewart	298 Grove Street	Luton	LU1 1GH	GB	Product Analyst	Product	Harper Hughes	09/12/2020
Harper	Hughes	310 Orchard Road	Milton Keynes	MK1 2IJ	GB	Software Tester	IT	Mason Foster	21/04/2021
Mason	Foster	322 Lake View	Newport	NP1 3KL	GB	Operations Manager	Operations	Lily Bailey	18/07/2019
Lily	Bailey	334 Seaview Road	Portsmouth	PO1 4MN	GB	Marketing Assistant	Marketing	Logan Jenkins	26/02/2017
Logan	Jenkins	346 Greenfield Lane	Derby	DE1 5OP	GB	Software Engineer	IT	Zoe Ward	03/11/2019
Zoe	Ward	358 Valley View	Ipswich	IP1 6QR	GB	HR Specialist	HR	Ryan Watson	12/05/2020
Ryan	Watson	370 Riverbank Road	Oxford	OX1 7ST	GB	DevOps Engineer	IT	Ella Morgan	07/06/2016
Ella	Morgan	382 Cliffside Drive	Belfast	BT1 8UV	GB	Content Manager	Marketing	Dylan Carter	22/08/2021
Dylan	Carter	394 Ridgeway	Norwich	NR1 9WX	GB	Sales Director	Sales	Ruby Cooper	14/01/2018
Ruby	Cooper	406 Horizon Lane	Hull	HU1 0YZ	GB	Customer Support Specialist	Support	Oscar Rivera	05/09/2020
Oscar	Rivera	418 Highland Road	Wolverhampton	WV1 1AB	GB	Operations Specialist	Operations	Hannah Edwards	29/06/2018
Hannah	Edwards	430 Meadow View	Preston	PR1 2CD	GB	Marketing Coordinator	Marketing	Leo Cook	11/12/2017
Leo	Cook	442 Brook Street	St Albans	AL1 3EF	GB	Product Designer	Product	Sophie Howard	23/07/2020
Sophie	Howard	454 Orchard Close	Canterbury	CT1 4GH	GB	Sales Lead	Sales	Jacob Long	17/10/2019
Jacob	Long	466 River Street	Chester	CH1 5IJ	GB	Customer Support Manager	Support	Lily Evans	06/03/2020
Lily	Evans	478 Hill Road	Sunderland	SR1 6KL	GB	Data Analyst	Data	Joshua Murphy	20/01/2021
Joshua	Murphy	490 Crescent Drive	Durham	DH1 7MN	GB	Finance Assistant	Finance	Ella Thompson	01/06/2018
Ella	Thompson	502 Woodland Road	Lancaster	LA1 8OP	GB	Product Owner	Product	William White	27/02/2019
William	White	514 Garden Street	Peterborough	PE1 9QR	GB	Operations Coordinator	Operations	Isabella Walker	30/04/2017
Isabella	Walker	526 Riverbank	Lincoln	LN1 0ST	GB	HR Coordinator	HR	John Smith	03/11/2018