FirstName	LastName	StreetName	Town	Postcode	Country	PhoneNumber	Email
John	Smith	221B Baker Street	London	W1A 1AA	GB	+44 7912 345678	john.smith@mail.com
Jane	Doe	12 High Street	Manchester	M1 2AB	GB	+44 7721 123456	jane.doe@mail.com
David	Johnson	34 Church Road	Birmingham	B1 3CD	GB	+44 7712 654321	david.johnson@mail.com
Emily	Williams	56 Station Road	Bristol	BS1 4EF	GB	+44 7522 987654	emily.williams@mail.com
Michael	Brown	78 Victoria Avenue	Glasgow	G1 5GH	GB	+44 7900 112233	michael.brown@mail.com
Sarah	Davis	90 Kingsway	Edinburgh	EH1 6IJ	GB	+44 7988 334455	sarah.davis@mail.com
Robert	Jones	10 Oak Street	Liverpool	L1 7KL	GB	+44 7544 778899	robert.jones@mail.com
Jessica	Miller	22 Elm Street	Cardiff	CF1 8MN	GB	+44 7432 223344	jessica.miller@mail.com
Thomas	Rodriguez	14 Market Square	Leeds	LS1 9OP	GB	+44 7421 665544	thomas.rodriguez@mail.com
Laura	Martinez	36 Bridge Street	Sheffield	S1 0QR	GB	+44 7555 998877	laura.martinez@mail.com
James	Wilson	58 Park Lane	Leicester	LE1 1ST	GB	+44 7566 889900	james.wilson@mail.com
Olivia	Taylor	70 Queen Street	Coventry	CV1 2UV	GB	+44 7999 112244	olivia.taylor@mail.com
Henry	Moore	82 Duke Street	Southampton	SO1 3WX	GB	+44 7722 445566	henry.moore@mail.com
Sophie	Clark	94 Princess Avenue	Newcastle	NE1 4YZ	GB	+44 7711 667788	sophie.clark@mail.com
Oliver	Evans	106 Castle Road	Nottingham	NG1 5AB	GB	+44 7556 778899	oliver.evans@mail.com
Chloe	Lewis	118 River Street	Cambridge	CB1 6CD	GB	+44 7412 554433	chloe.lewis@mail.com
Ethan	Hall	130 The Crescent	Oxford	OX1 7EF	GB	+44 7521 667788	ethan.hall@mail.com
Isabella	Allen	142 West Street	Reading	RG1 8GH	GB	+44 7333 445566	isabella.allen@mail.com
Alexander	Wright	154 East Road	Plymouth	PL1 9IJ	GB	+44 7433 667788	alexander.wright@mail.com
Mia	Scott	166 South Lane	Brighton	BN1 0KL	GB	+44 7980 112233	mia.scott@mail.com
Benjamin	Adams	178 Mill Road	York	YO1 1MN	GB	+44 7520 223344	benjamin.adams@mail.com
Amelia	Green	190 North Street	Exeter	EX1 2OP	GB	+44 7422 334455	amelia.green@mail.com
Samuel	King	202 Hillview Road	Aberdeen	AB1 3QR	GB	+44 7899 556677	samuel.king@mail.com
Ella	Mitchell	214 Valley Road	Dundee	DD1 4ST	GB	+44 7423 778899	ella.mitchell@mail.com
Jack	Perez	226 Meadow Lane	Inverness	IV1 5UV	GB	+44 7434 112244	jack.perez@mail.com
Grace	Collins	238 Spring Road	Stirling	FK1 6WX	GB	+44 7567 223344	grace.collins@mail.com
Jacob	Richardson	250 Summer Avenue	Swansea	SA1 7YZ	GB	+44 7777 445566	jacob.richardson@mail.com
Ava	Bell	262 Autumn Street	Bath	BA1 8AB	GB	+44 7424 667788	ava.bell@mail.com
Daniel	Turner	274 Winter Road	Durham	DH1 9CD	GB	+44 7550 334455	daniel.turner@mail.com
Sophia	Morris	286 Forest Lane	Gloucester	GL1 0EF	GB	+44 7700 112233	sophia.morris@mail.com
Lucas	Stewart	298 Grove Street	Luton	LU1 1GH	GB	+44 7622 223344	lucas.stewart@mail.com
Harper	Hughes	310 Orchard Road	Milton Keynes	MK1 2IJ	GB	+44 7911 445566	harper.hughes@mail.com
Mason	Foster	322 Lake View	Newport	NP1 3KL	GB	+44 7551 556677	mason.foster@mail.com
Lily	Bailey	334 Seaview Road	Portsmouth	PO1 4MN	GB	+44 7920 223344	lily.bailey@mail.com
Logan	Jenkins	346 Greenfield Lane	Derby	DE1 5OP	GB	+44 7553 778899	logan.jenkins@mail.com
Zoe	Ward	358 Valley View	Ipswich	IP1 6QR	GB	+44 7723 112244	zoe.ward@mail.com
Ryan	Watson	370 Riverbank Road	Oxford	OX1 7ST	GB	+44 7544 667788	ryan.watson@mail.com
Ella	Morgan	382 Cliffside Drive	Belfast	BT1 8UV	GB	+44 7991 445566	ella.morgan@mail.com
Dylan	Carter	394 Ridgeway	Norwich	NR1 9WX	GB	+44 7910 112233	dylan.carter@mail.com
Ruby	Cooper	406 Horizon Lane	Hull	HU1 0YZ	GB	+44 7425 223344	ruby.cooper@mail.com
Oscar	Rivera	418 Highland Road	Wolverhampton	WV1 1AB	GB	+44 7522 556677	oscar.rivera@mail.com
Hannah	Edwards	430 Meadow View	Preston	PR1 2CD	GB	+44 7620 667788	hannah.edwards@mail.com
Leo	Cook	442 Brook Street	St Albans	AL1 3EF	GB	+44 7524 334455	leo.cook@mail.com
Sophie	Howard	454 Orchard Close	Canterbury	CT1 4GH	GB	+44 7725 112244	sophie.howard@mail.com
Jacob	Long	466 River Street	Chester	CH1 5IJ	GB	+44 7621 223344	jacob.long@mail.com
Lily	Evans	478 Hill Road	Sunderland	SR1 6KL	GB	+44 7912 556677	lily.evans@mail.com
Joshua	Murphy	490 Crescent Drive	Durham	DH1 7MN	GB	+44 7555 778899	joshua.murphy@mail.com
Ella	Thompson	502 Woodland Road	Lancaster	LA1 8OP	GB	+44 7923 112233	ella.thompson@mail.com
William	White	514 Garden Street	Peterborough	PE1 9QR	GB	+44 7543 223344	william.white@mail.com
Isabella	Walker	526 Riverbank	Lincoln	LN1 0ST	GB	+44 7712 334455	isabella.walker@mail.com