FirstName	LastName	StreetName	Town	Postcode	Country	Notes
John	Smith	221B Baker Street	London	W1A 1AA	GB	Extra info: near the museum
Jane	Doe	12 High Street	Manchester	M1 2AB	GB	Note: Leave at PO Box
David	Johnson	34 Church Road	Birmingham	B1 3CD	GB	Note: Leave with neighbour if not home
Emily	Williams	56 Station Road	Bristol	BS1 4EF	GB	Extra notes: Top floor access required
Michael	Brown	78 Victoria Avenue	Glasgow	G1 5GH	GB	Note: Call for delivery instructions
Sarah	Davis	90 Kingsway	Edinburgh	EH1 6IJ	GB	Call before delivery
Robert	Jones	10 Oak Street	Liverpool	L1 7KL	GB	Delivery instructions: Gate code 1234
Jessica	Miller	22 Elm Street	Cardiff	CF1 8MN	GB	Leave behind the garden
Thomas	Rodriguez	14 Market Square	Leeds	LS1 9OP	GB	At the market square entrance
Laura	Martinez	36 Bridge Street	Sheffield	S1 0QR	GB	Above the bakery
James	Wilson	58 Park Lane	Leicester	LE1 1ST	GB	Use side entrance
Olivia	Taylor	70 Queen Street	Coventry	CV1 2UV	GB	Call ahead for access instructions
Henry	Moore	82 Duke Street	Southampton	SO1 3WX	GB	Leave at reception
Sophie	Clark	94 Princess Avenue	Newcastle	NE1 4YZ	GB	Key under doormat
Oliver	Evans	106 Castle Road	Nottingham	NG1 5AB	GB	Near the park
Chloe	Lewis	118 River Street	Cambridge	CB1 6CD	GB	Contact for access information
Ethan	Hall	130 The Crescent	Oxford	OX1 7EF	GB	Look for blue door
Isabella	Allen	142 West Street	Reading	RG1 8GH	GB	Near the library
Alexander	Wright	154 East Road	Plymouth	PL1 9IJ	GB	Unit access required
Mia	Scott	166 South Lane	Brighton	BN1 0KL	GB	Use the intercom
Benjamin	Adams	178 Mill Road	York	YO1 1MN	GB	Note: Call for instructions
Amelia	Green	190 North Street	Exeter	EX1 2OP	GB	Corner house
Samuel	King	202 Hillview Road	Aberdeen	AB1 3QR	GB	Behind the tree
Ella	Mitchell	214 Valley Road	Dundee	DD1 4ST	GB	Next to the park
Jack	Perez	226 Meadow Lane	Inverness	IV1 5UV	GB	Opposite the pub
Grace	Collins	238 Spring Road	Stirling	FK1 6WX	GB	Call for access instructions
Jacob	Richardson	250 Summer Avenue	Swansea	SA1 7YZ	GB	Note: Doorbell 3
Ava	Bell	262 Autumn Street	Bath	BA1 8AB	GB	Leave in porch
Daniel	Turner	274 Winter Road	Durham	DH1 9CD	GB	Next to the church
Sophia	Morris	286 Forest Lane	Gloucester	GL1 0EF	GB	Leave with security
Lucas	Stewart	298 Grove Street	Luton	LU1 1GH	GB	Use side door
Harper	Hughes	310 Orchard Road	Milton Keynes	MK1 2IJ	GB	Call for delivery instructions
Mason	Foster	322 Lake View	Newport	NP1 3KL	GB	Note: Call for access
Lily	Bailey	334 Seaview Road	Portsmouth	PO1 4MN	GB	Key at reception
Logan	Jenkins	346 Greenfield Lane	Derby	DE1 5OP	GB	Gate access required
Zoe	Ward	358 Valley View	Ipswich	IP1 6QR	GB	Call before arrival
Ryan	Watson	370 Riverbank Road	Oxford	OX1 7ST	GB	Call for entry instructions
Ella	Morgan	382 Cliffside Drive	Belfast	BT1 8UV	GB	Use the side gate
Dylan	Carter	394 Ridgeway	Norwich	NR1 9WX	GB	Leave at front door
Ruby	Cooper	406 Horizon Lane	Hull	HU1 0YZ	GB	Delivery note: Second building on right
Oscar	Rivera	418 Highland Road	Wolverhampton	WV1 1AB	GB	Gate code required
Hannah	Edwards	430 Meadow View	Preston	PR1 2CD	GB	Deliver to rear entrance
Leo	Cook	442 Brook Street	St Albans	AL1 3EF	GB	Call for building access
Sophie	Howard	454 Orchard Close	Canterbury	CT1 4GH	GB	Apartment access instructions needed
Jacob	Long	466 River Street	Chester	CH1 5IJ	GB	Gate code: 4567
Lily	Evans	478 Hill Road	Sunderland	SR1 6KL	GB	Call for access information
Joshua	Murphy	490 Crescent Drive	Durham	DH1 7MN	GB	Use back entrance
Ella	Thompson	502 Woodland Road	Lancaster	LA1 8OP	GB	Next to pharmacy
William	White	514 Garden Street	Peterborough	PE1 9QR	GB	Second building on left
Isabella	Walker	526 Riverbank	Lincoln	LN1 0ST	GB	Opposite the school