FirstName,LastName,StreetName,Town,Postcode,Country				
john,SMITH,"221b  BAKER street",London				
,W1A 1aa,gb				
Jane,DOE,12 High Street,    MANCHESTER, M1 2AB,				
GB				
DAVID,johnson,34 CHURCH Road, BIRMINGHAM				
,B1 3cd,GB				
emily,	Williams,"56  station   road",bristol	,BS1 4EF,GB		
MICHAEL,BROWN,"78 VICTORIA Avenue",				
Glasgow,G1 5gh,GB				
SARAH,    Davis,90 KINGSWAY,  edinburgh,	EH1 6IJ,	gb		
ROBERT,Jones,10 Oak STREET,liverpool, L1 7KL	,gb			
Jessica, MILLER ,22 Elm Street,	Cardiff, CF1 8MN, GB			
thomas,rodriguez,	14 Market Square,	Leeds,LS1 9op,gb		
Laura ,MARTINEZ,"36 bridge street",Sheffield	,	S1 0QR,gb		
james,WILSON,58 park LANE,Leicester	,LE1 1ST,gb			
OLIVIA,Taylor,70 QUEEN Street,	COVENTRY,CV1 2UV,			
GB				
henry,moore,82 duke street,southampton,SO1 3WX,GB				
sophie, clark,"94 princess Avenue",	NEWCASTLE	,	ne1 4yz	, gb
OLIVER,Evans,"106 castle Road",	Nottingham	,NG1 5ab	,GB	
Chloe,lewis,118 river STREET,	CAMBRIDGE,CB1 6CD,GB			
ethan,HALL,130 The CRESCENT,Oxford,OX1 7ef,gb				
Isabella,	ALLEN,"142  West street",	reading	,RG1 8gh,gb	
alexander,WRIGHT,154 east ROAD,Plymouth,PL1 9ij,GB				
mia,scott,166 south lane,	BRIGHTON	,bn1 0kl,gb		
Benjamin,	ADAMS,178 mill ROAD,York		,YO1 1MN,GB	
AMELIA,	green,190 NORTH street	,Exeter	,EX1 2OP,gb	
SAMUEL,King,"202  hillview Road",	aberdeen	,AB1 3QR	,gb	
Ella,Mitchell	,214 valley road,DUNDEE	,	DD1 4st,gb	
jack,PEREZ,	226 meadow Lane,Inverness	,IV1 5uv,GB		
GRACE,		collins,238 Spring Road		,Stirling,FK1 6WX,gb
jacob,	Richardson,250 SUMMER avenue,swansea	,sa1 7yz,gb		
ava,Bell	,262 AUTUMN street,bath,BA1 8ab	,gb		
daniel,	TURNER,274 winter Road,		Durham,DH1 9cd	,GB
SOPHIA,morris,286 forest LANE	,gloucester	,GL1 0ef	,gb	
lucas,STEWART,298 grove Street	,luton,LU1 1gh	,GB		
harper,HUGHES,310 orchard road	,milton keynes, MK1 2IJ,GB			
mason,Foster,322 Lake view,	newport,	np1 3kl,gb		
lily,BAILEY,"334 SEAVIEW Road",	PORTSMOUTH,PO1 4MN	,gb		
logan,Jenkins,346 GREENFIELD lane,	DERBY	,DE1 5op,GB		
zoe,ward,358 valley View,ipswich,IP1 6QR	,GB			
ryan,watson,370 RIVERBANK road,OXFORD,OX1 7ST,gb				
ella,morgan,"382 CLIFFSIDE drive",		belfast,bt1 8uv	,gb	
DYLAN,carter,394 Ridgeway,norwich	,NR1 9WX,GB			
RUBY,	cooper,406 HORIZON lane,		hull	,HU1 0YZ,gb
oscar,RIVERA,418 Highland Road,wolverhampton,WV1 1ab	,gb			
hannah,edwards,430 Meadow VIEW	,preston	,	PR1 2cd,gb	
leo,COOK,442 Brook street,st albans,AL1 3ef,gb				
SOPHIE,howard,454 Orchard CLOSE,Canterbury,ct1 4GH,GB				
Jacob,long,466 river street		,Chester	,CH1 5ij	,GB
lily,Evans,478 hill ROAD,sunderland,SR1 6KL,gb				
Joshua,	murphy,490 CRESCENT drive,Durham,DH1 7MN,GB			
Ella,	THOMPSON,502 woodland road	,Lancaster,LA1 8op	,gb	
William,white,"514  garden street",		PETERBOROUGH	,pe1 9QR,GB	
isabella,Walker,526 Riverbank,Lincoln,ln1 0st	,GB			