FirstName,LastName,StreetName,Town,Postcode,Country
JohnSmith221BBakerStreetLondonW1A1AAGB
JaneDoe12HighStreetManchesterM12ABGB
DavidJohnson34ChurchRoadBirminghamB13CDGB
EmilyWilliams56StationRoadBristolBS14EFGB
MichaelBrown78VictoriaAvenueGlasgowG15GHGB
SarahDavis90KingswayEdinburghEH16IJGB
RobertJones10OakStreetLiverpoolL17KLGB
JessicaMiller22ElmStreetCardiffCF18MNGB
ThomasRodriguez14MarketSquareLeedsLS19OPGB
LauraMartinez36BridgeStreetSheffieldS10QRGB
JamesWilson58ParkLaneLeicesterLE11STGB
OliviaTaylor70QueenStreetCoventryCV12UVGB
HenryMoore82DukeStreetSouthamptonSO13WXGB
SophieClark94PrincessAvenueNewcastleNE14YZGB
OliverEvans106CastleRoadNottinghamNG15ABGB
ChloeLewis118RiverStreetCambridgeCB16CDGB
EthanHall130TheCrescentOxfordOX17EFGB
IsabellaAllen142WestStreetReadingRG18GHGB
AlexanderWright154EastRoadPlymouthPL19IJGB
MiaScott166SouthLaneBrightonBN10KLGB
BenjaminAdams178MillRoadYorkYO11MNGB
AmeliaGreen190NorthStreetExeterEX12OPGB
SamuelKing202HillviewRoadAberdeenAB13QRGB
EllaMitchell214ValleyRoadDundeeDD14STGB
JackPerez226MeadowLaneInvernessIV15UVGB
GraceCollins238SpringRoadStirlingFK16WXGB
JacobRichardson250SummerAvenueSwanseaSA17YZGB
AvaBell262AutumnStreetBathBA18ABGB
DanielTurner274WinterRoadDurhamDH19CDGB
SophiaMorris286ForestLaneGloucesterGL10EFGB
LucasStewart298GroveStreetLutonLU11GHGB
HarperHughes310OrchardRoadMiltonKeynesMK12IJGB
MasonFoster322LakeViewNewportNP13KLGB
LilyBailey334SeaviewRoadPortsmouthPO14MNGB
LoganJenkins346GreenfieldLaneDerbyDE15OPGB
ZoeWard358ValleyViewIpswichIP16QRGB
RyanWatson370RiverbankRoadOxfordOX17STGB
EllaMorgan382CliffsideDriveBelfastBT18UVGB
DylanCarter394RidgewayNorwichNR19WXGB
RubyCooper406HorizonLaneHullHU10YZGB
OscarRivera418HighlandRoadWolverhamptonWV11ABGB
HannahEdwards430MeadowViewPrestonPR12CDGB
LeoCook442BrookStreetStAlbansAL13EFGB
SophieHoward454OrchardCloseCanterburyCT14GHGB
JacobLong466RiverStreetChesterCH15IJGB
LilyEvans478HillRoadSunderlandSR16KLGB
JoshuaMurphy490CrescentDriveDurhamDH17MNGB
EllaThompson502WoodlandRoadLancasterLA18OPGB
WilliamWhite514GardenStreetPeterboroughPE19QRGB
IsabellaWalker526RiverbankLincolnLN10STGB